{
  "name": "fgg",
  "title": "For Gold & Glory",
  "description": "For Gold & Glory™ is compatible with the second edition of the “advanced” version of the world’s most popular role-playing game",
  "version": "0.1.14",
  "minimumCoreVersion": "0.8.0",
  "compatibleCoreVersion": "9.242",
  "templateVersion": 2,
  "author": "GMsShadow",
  "esmodules": ["fgg.js"],
  "styles": ["fgg.css"],
  "packs": [
       {
      "label": "Armor",
      "entity": "Item",
      "name": "armor",
      "path": "packs/armor.db",
      "system": "fgg",
      "package": "world",
      "absPath": "systems/fgg/packs/armor.db"
    },
    {
      "label": "Non-Combat Skills",
      "entity": "Item",
      "name": "non-combat-skills",
      "path": "packs/non-combat-skills.db",
      "system": "fgg",
      "package": "world",
      "absPath": "systems/fgg/packs/non-combat-skills.db"
    },
    {
      "label": "Wizard Spells",
      "entity": "Item",
      "name": "wizard-spells",
      "path": "packs/wizard-spells.db",
      "system": "fgg",
      "package": "world",
      "absPath": "systems/fgg/packs/wizard-spells.db"
    },
    {
      "label": "Weapons",
      "entity": "Item",
      "name": "weapons",
      "path": "packs/weapons.db",
      "system": "fgg",
      "package": "world",
      "absPath": "systems/fgg/packs/weapons.db"
    },
    {
      "label": "Equipment",
      "entity": "Item",
      "name": "equipment",
      "path": "packs/equipment.db",
      "system": "fgg",
      "package": "world",
      "absPath": "systems/fgg/packs/equipment.db"
    }
  ],
  "languages": [
    {
      "lang": "en",
      "name": "English",
      "path": "lang/en.json"
    },
    {
      "lang": "fr",
      "name": "French (FRANCE)",
      "path": "lang/fr.json"
    },
    {
    "lang": "pt-BR",
    "name": "Português (Brasil)",
    "path": "lang/pt-BR.json"
    },
    {
      "lang": "fr",
      "name": "French (FRANCE)",
      "path": "lang/fr.json"
    },
    {
      "lang": "es",
      "name": "Spanish",
      "path": "lang/es.json"
    }
  ],
  "gridDistance": 5,
  "gridUnits": "ft",
  "url": "https://gitlab.com/gmsshadow2/foundryvtt-fgg",
  "manifest": "https://gitlab.com/gmsshadow2/foundryvtt-fgg/-/raw/master/src/system.json",
  "download": "https://gitlab.com/gmsshadow2/foundryvtt-fgg/-/raw/master/package/fgg-v0.1.14.zip"
}
